{"liked":[{"id":"F-VGiJN5","name":"Wish You Were Here","type":"","album":{"id":"1756403","name":"A Collection Of Great Dance Songs","url":"https://www.jiosaavn.com/album/a-collection-of-great-dance-songs/jfL1y-bSiv4_"},"year":"2016","releaseDate":null,"duration":"330","label":"Pink Floyd Records","primaryArtists":"Pink Floyd","primaryArtistsId":"559789","featuredArtists":"","featuredArtistsId":"","explicitContent":0,"playCount":"1265478","language":"english","hasLyrics":"false","url":"https://www.jiosaavn.com/song/wish-you-were-here/NkU9dh16eQY","copyright":"(P) 2016 The copyright in this sound recording is owned by Pink Floyd Music Ltd., marketed and distributed by Sony Music Entertainment","image":[{"quality":"50x50","link":"https://c.saavncdn.com/926/A-Collection-Of-Great-Dance-Songs-Unknown-1981-20241127225325-50x50.jpg"},{"quality":"150x150","link":"https://c.saavncdn.com/926/A-Collection-Of-Great-Dance-Songs-Unknown-1981-20241127225325-150x150.jpg"},{"quality":"500x500","link":"https://c.saavncdn.com/926/A-Collection-Of-Great-Dance-Songs-Unknown-1981-20241127225325-500x500.jpg"}],"downloadUrl":[{"quality":"12kbps","link":"https://aac.saavncdn.com/926/de33dcd38e97fea1e3ec264b303f77e8_12.mp4"},{"quality":"48kbps","link":"https://aac.saavncdn.com/926/de33dcd38e97fea1e3ec264b303f77e8_48.mp4"},{"quality":"96kbps","link":"https://aac.saavncdn.com/926/de33dcd38e97fea1e3ec264b303f77e8_96.mp4"},{"quality":"160kbps","link":"https://aac.saavncdn.com/926/de33dcd38e97fea1e3ec264b303f77e8_160.mp4"},{"quality":"320kbps","link":"https://aac.saavncdn.com/926/de33dcd38e97fea1e3ec264b303f77e8_320.mp4"}]},{"id":"Rop1Xn9b","name":"Time In A Bottle","type":"","album":{"id":"20042506","name":"Photographs &amp; Memories: His Greatest Hits","url":"https://www.jiosaavn.com/album/photographs-memories-his-greatest-hits/Xa6ir0cx1bU_"},"year":"1974","releaseDate":null,"duration":"148","label":"BMG Rights Management (US) LLC","primaryArtists":"Jim Croce","primaryArtistsId":"607892","featuredArtists":"","featuredArtistsId":"","explicitContent":0,"playCount":"163","language":"english","hasLyrics":"true","url":"https://www.jiosaavn.com/song/time-in-a-bottle/IgcbACxeDlE","copyright":"℗ 1973 BMG Rights Management (US) LLC","image":[{"quality":"50x50","link":"https://c.saavncdn.com/843/Photographs-Memories-His-Greatest-Hits-English-1974-20250411043137-50x50.jpg"},{"quality":"150x150","link":"https://c.saavncdn.com/843/Photographs-Memories-His-Greatest-Hits-English-1974-20250411043137-150x150.jpg"},{"quality":"500x500","link":"https://c.saavncdn.com/843/Photographs-Memories-His-Greatest-Hits-English-1974-20250411043137-500x500.jpg"}],"downloadUrl":[{"quality":"12kbps","link":"https://aac.saavncdn.com/843/02a188c511f23cb32afd15178818a78e_12.mp4"},{"quality":"48kbps","link":"https://aac.saavncdn.com/843/02a188c511f23cb32afd15178818a78e_48.mp4"},{"quality":"96kbps","link":"https://aac.saavncdn.com/843/02a188c511f23cb32afd15178818a78e_96.mp4"},{"quality":"160kbps","link":"https://aac.saavncdn.com/843/02a188c511f23cb32afd15178818a78e_160.mp4"},{"quality":"320kbps","link":"https://aac.saavncdn.com/843/02a188c511f23cb32afd15178818a78e_320.mp4"}]},{"id":"orKkp_Gy","name":"I Want It That Way","type":"","album":{"id":"12611306","name":"Millennium","url":"https://www.jiosaavn.com/album/millennium/shklbEaZ87E_"},"year":"2010","releaseDate":null,"duration":"214","label":"Jive","primaryArtists":"Backstreet Boys","primaryArtistsId":"521211","featuredArtists":"","featuredArtistsId":"","explicitContent":0,"playCount":"5784348","language":"english","hasLyrics":"false","url":"https://www.jiosaavn.com/song/i-want-it-that-way/HxogWgRvcEo","copyright":"(P) 1998 Sony Music Entertainment","image":[{"quality":"50x50","link":"https://c.saavncdn.com/224/Millennium-English-2010-20190607213343-50x50.jpg"},{"quality":"150x150","link":"https://c.saavncdn.com/224/Millennium-English-2010-20190607213343-150x150.jpg"},{"quality":"500x500","link":"https://c.saavncdn.com/224/Millennium-English-2010-20190607213343-500x500.jpg"}],"downloadUrl":[{"quality":"12kbps","link":"https://aac.saavncdn.com/224/c6617e93b08c140a64030fc07ba336c4_12.mp4"},{"quality":"48kbps","link":"https://aac.saavncdn.com/224/c6617e93b08c140a64030fc07ba336c4_48.mp4"},{"quality":"96kbps","link":"https://aac.saavncdn.com/224/c6617e93b08c140a64030fc07ba336c4_96.mp4"},{"quality":"160kbps","link":"https://aac.saavncdn.com/224/c6617e93b08c140a64030fc07ba336c4_160.mp4"},{"quality":"320kbps","link":"https://aac.saavncdn.com/224/c6617e93b08c140a64030fc07ba336c4_320.mp4"}]},{"id":"kxQ8iRuG","name":"WHAT A WONDERFUL WORLD","type":"","album":{"id":"3088407","name":"What A Wonderful World","url":"https://www.jiosaavn.com/album/what-a-wonderful-world/HLpsC,ky6BM_"},"year":"2011","releaseDate":null,"duration":"136","label":"Red Cab Records","primaryArtists":"Louis Armstrong","primaryArtistsId":"514336","featuredArtists":"","featuredArtistsId":"","explicitContent":0,"playCount":"167647","language":"english","hasLyrics":"false","url":"https://www.jiosaavn.com/song/what-a-wonderful-world/GxA6CR1iQnQ","copyright":"(P) 2010 Entertain Me Ltd.","image":[{"quality":"50x50","link":"https://c.saavncdn.com/759/What-A-Wonderful-World-English-2011-50x50.jpg"},{"quality":"150x150","link":"https://c.saavncdn.com/759/What-A-Wonderful-World-English-2011-150x150.jpg"},{"quality":"500x500","link":"https://c.saavncdn.com/759/What-A-Wonderful-World-English-2011-500x500.jpg"}],"downloadUrl":[{"quality":"12kbps","link":"https://aac.saavncdn.com/759/ea36ebeeeab7a7962876f6ed46ff8171_12.mp4"},{"quality":"48kbps","link":"https://aac.saavncdn.com/759/ea36ebeeeab7a7962876f6ed46ff8171_48.mp4"},{"quality":"96kbps","link":"https://aac.saavncdn.com/759/ea36ebeeeab7a7962876f6ed46ff8171_96.mp4"},{"quality":"160kbps","link":"https://aac.saavncdn.com/759/ea36ebeeeab7a7962876f6ed46ff8171_160.mp4"},{"quality":"320kbps","link":"https://aac.saavncdn.com/759/ea36ebeeeab7a7962876f6ed46ff8171_320.mp4"}]},{"id":"ZqcMAZnb","name":"Bohemian rhapsody","type":"","album":{"id":"55546401","name":"Ten songs for you","url":"https://www.jiosaavn.com/album/ten-songs-for-you/CEbyn,bGiSQ_"},"year":"2024","releaseDate":null,"duration":"349","label":"G Records","primaryArtists":"Queen","primaryArtistsId":"527759","featuredArtists":"","featuredArtistsId":"","explicitContent":0,"playCount":"57","language":"english","hasLyrics":"true","url":"https://www.jiosaavn.com/song/bohemian-rhapsody/KhkIfDVqWVE","copyright":"℗ 2024 G records","image":[{"quality":"50x50","link":"https://c.saavncdn.com/344/Ten-songs-for-you-English-2024-20240625034005-50x50.jpg"},{"quality":"150x150","link":"https://c.saavncdn.com/344/Ten-songs-for-you-English-2024-20240625034005-150x150.jpg"},{"quality":"500x500","link":"https://c.saavncdn.com/344/Ten-songs-for-you-English-2024-20240625034005-500x500.jpg"}],"downloadUrl":[{"quality":"12kbps","link":"https://aac.saavncdn.com/344/289b35acc358fb2d47ad535bf88e56f7_12.mp4"},{"quality":"48kbps","link":"https://aac.saavncdn.com/344/289b35acc358fb2d47ad535bf88e56f7_48.mp4"},{"quality":"96kbps","link":"https://aac.saavncdn.com/344/289b35acc358fb2d47ad535bf88e56f7_96.mp4"},{"quality":"160kbps","link":"https://aac.saavncdn.com/344/289b35acc358fb2d47ad535bf88e56f7_160.mp4"},{"quality":"320kbps","link":"https://aac.saavncdn.com/344/289b35acc358fb2d47ad535bf88e56f7_320.mp4"}]},{"id":"gau4SOIV","name":"Running Up That Hill (A Deal With God)","type":"","album":{"id":"43147517","name":"Hounds Of Love","url":"https://www.jiosaavn.com/album/hounds-of-love/qOP29Wcb5dY_"},"year":"1985","releaseDate":null,"duration":"298","label":"Fish People","primaryArtists":"Kate Bush","primaryArtistsId":"526808","featuredArtists":"","featuredArtistsId":"","explicitContent":0,"playCount":"280367","language":"unknown","hasLyrics":"false","url":"https://www.jiosaavn.com/song/running-up-that-hill-a-deal-with-god/FwkeBSd-fmU","copyright":"℗ 1985 Noble & Brite Ltd","image":[{"quality":"50x50","link":"https://c.saavncdn.com/152/Hounds-Of-Love-Unknown-1985-20230303021849-50x50.jpg"},{"quality":"150x150","link":"https://c.saavncdn.com/152/Hounds-Of-Love-Unknown-1985-20230303021849-150x150.jpg"},{"quality":"500x500","link":"https://c.saavncdn.com/152/Hounds-Of-Love-Unknown-1985-20230303021849-500x500.jpg"}],"downloadUrl":[{"quality":"12kbps","link":"https://aac.saavncdn.com/152/23097828306e101e4f398d1d2cca92f6_12.mp4"},{"quality":"48kbps","link":"https://aac.saavncdn.com/152/23097828306e101e4f398d1d2cca92f6_48.mp4"},{"quality":"96kbps","link":"https://aac.saavncdn.com/152/23097828306e101e4f398d1d2cca92f6_96.mp4"},{"quality":"160kbps","link":"https://aac.saavncdn.com/152/23097828306e101e4f398d1d2cca92f6_160.mp4"},{"quality":"320kbps","link":"https://aac.saavncdn.com/152/23097828306e101e4f398d1d2cca92f6_320.mp4"}]},{"id":"IR3RlfcI","name":"The Less I Know The Better","type":"","album":{"id":"1290453","name":"Currents","url":"https://www.jiosaavn.com/album/currents/dUr2IQ6A9yI_"},"year":"2015","releaseDate":null,"duration":"217","label":"Universal Music Australia Pty. Ltd.","primaryArtists":"Tame Impala","primaryArtistsId":"617132","featuredArtists":"","featuredArtistsId":"","explicitContent":1,"playCount":"723871","language":"english","hasLyrics":"false","url":"https://www.jiosaavn.com/song/the-less-i-know-the-better/OTpYYxhWVHo","copyright":"℗ 2015 Modular Recordings","image":[{"quality":"50x50","link":"https://c.saavncdn.com/807/Currents-English-2015-50x50.jpg"},{"quality":"150x150","link":"https://c.saavncdn.com/807/Currents-English-2015-150x150.jpg"},{"quality":"500x500","link":"https://c.saavncdn.com/807/Currents-English-2015-500x500.jpg"}],"downloadUrl":[{"quality":"12kbps","link":"https://aac.saavncdn.com/807/da7b30630fce143a61d3180c9b76315b_12.mp4"},{"quality":"48kbps","link":"https://aac.saavncdn.com/807/da7b30630fce143a61d3180c9b76315b_48.mp4"},{"quality":"96kbps","link":"https://aac.saavncdn.com/807/da7b30630fce143a61d3180c9b76315b_96.mp4"},{"quality":"160kbps","link":"https://aac.saavncdn.com/807/da7b30630fce143a61d3180c9b76315b_160.mp4"},{"quality":"320kbps","link":"https://aac.saavncdn.com/807/da7b30630fce143a61d3180c9b76315b_320.mp4"}]}],"playlists":{"my playlist":[{"id":"ZqcMAZnb","name":"Bohemian rhapsody","type":"","album":{"id":"55546401","name":"Ten songs for you","url":"https://www.jiosaavn.com/album/ten-songs-for-you/CEbyn,bGiSQ_"},"year":"2024","releaseDate":null,"duration":"349","label":"G Records","primaryArtists":"Queen","primaryArtistsId":"527759","featuredArtists":"","featuredArtistsId":"","explicitContent":0,"playCount":"57","language":"english","hasLyrics":"true","url":"https://www.jiosaavn.com/song/bohemian-rhapsody/KhkIfDVqWVE","copyright":"℗ 2024 G records","image":[{"quality":"50x50","link":"https://c.saavncdn.com/344/Ten-songs-for-you-English-2024-20240625034005-50x50.jpg"},{"quality":"150x150","link":"https://c.saavncdn.com/344/Ten-songs-for-you-English-2024-20240625034005-150x150.jpg"},{"quality":"500x500","link":"https://c.saavncdn.com/344/Ten-songs-for-you-English-2024-20240625034005-500x500.jpg"}],"downloadUrl":[{"quality":"12kbps","link":"https://aac.saavncdn.com/344/289b35acc358fb2d47ad535bf88e56f7_12.mp4"},{"quality":"48kbps","link":"https://aac.saavncdn.com/344/289b35acc358fb2d47ad535bf88e56f7_48.mp4"},{"quality":"96kbps","link":"https://aac.saavncdn.com/344/289b35acc358fb2d47ad535bf88e56f7_96.mp4"},{"quality":"160kbps","link":"https://aac.saavncdn.com/344/289b35acc358fb2d47ad535bf88e56f7_160.mp4"},{"quality":"320kbps","link":"https://aac.saavncdn.com/344/289b35acc358fb2d47ad535bf88e56f7_320.mp4"}]},{"id":"ccsVSBDR","name":"Lose Yourself","type":"","album":{"id":"1124017","name":"Curtain Call: The Hits","url":"https://www.jiosaavn.com/album/curtain-call-the-hits/NYzP6W5uu6U_"},"year":"2005","releaseDate":null,"duration":"326","label":"Aftermath","primaryArtists":"Eminem","primaryArtistsId":"610240","featuredArtists":"","featuredArtistsId":"","explicitContent":1,"playCount":"1237072","language":"english","hasLyrics":"false","url":"https://www.jiosaavn.com/song/lose-yourself/EwsYZydyc2E","copyright":"℗ 2002 Aftermath Entertainment/Interscope Records","image":[{"quality":"50x50","link":"https://c.saavncdn.com/934/Curtain-Call-The-Hits-English-2005-20250522102252-50x50.jpg"},{"quality":"150x150","link":"https://c.saavncdn.com/934/Curtain-Call-The-Hits-English-2005-20250522102252-150x150.jpg"},{"quality":"500x500","link":"https://c.saavncdn.com/934/Curtain-Call-The-Hits-English-2005-20250522102252-500x500.jpg"}],"downloadUrl":[{"quality":"12kbps","link":"https://aac.saavncdn.com/934/5b2c81e86ef62ef1cb75abcf0c04cdea_12.mp4"},{"quality":"48kbps","link":"https://aac.saavncdn.com/934/5b2c81e86ef62ef1cb75abcf0c04cdea_48.mp4"},{"quality":"96kbps","link":"https://aac.saavncdn.com/934/5b2c81e86ef62ef1cb75abcf0c04cdea_96.mp4"},{"quality":"160kbps","link":"https://aac.saavncdn.com/934/5b2c81e86ef62ef1cb75abcf0c04cdea_160.mp4"},{"quality":"320kbps","link":"https://aac.saavncdn.com/934/5b2c81e86ef62ef1cb75abcf0c04cdea_320.mp4"}]},{"id":"orKkp_Gy","name":"I Want It That Way","type":"","album":{"id":"12611306","name":"Millennium","url":"https://www.jiosaavn.com/album/millennium/shklbEaZ87E_"},"year":"2010","releaseDate":null,"duration":"214","label":"Jive","primaryArtists":"Backstreet Boys","primaryArtistsId":"521211","featuredArtists":"","featuredArtistsId":"","explicitContent":0,"playCount":"5784348","language":"english","hasLyrics":"false","url":"https://www.jiosaavn.com/song/i-want-it-that-way/HxogWgRvcEo","copyright":"(P) 1998 Sony Music Entertainment","image":[{"quality":"50x50","link":"https://c.saavncdn.com/224/Millennium-English-2010-20190607213343-50x50.jpg"},{"quality":"150x150","link":"https://c.saavncdn.com/224/Millennium-English-2010-20190607213343-150x150.jpg"},{"quality":"500x500","link":"https://c.saavncdn.com/224/Millennium-English-2010-20190607213343-500x500.jpg"}],"downloadUrl":[{"quality":"12kbps","link":"https://aac.saavncdn.com/224/c6617e93b08c140a64030fc07ba336c4_12.mp4"},{"quality":"48kbps","link":"https://aac.saavncdn.com/224/c6617e93b08c140a64030fc07ba336c4_48.mp4"},{"quality":"96kbps","link":"https://aac.saavncdn.com/224/c6617e93b08c140a64030fc07ba336c4_96.mp4"},{"quality":"160kbps","link":"https://aac.saavncdn.com/224/c6617e93b08c140a64030fc07ba336c4_160.mp4"},{"quality":"320kbps","link":"https://aac.saavncdn.com/224/c6617e93b08c140a64030fc07ba336c4_320.mp4"}]},{"id":"jM1VfXFQ","name":"Another Brick in the Wall, Pt. 2","type":"","album":{"id":"1707523","name":"The Wall","url":"https://www.jiosaavn.com/album/the-wall/HtIYFiWDSRU_"},"year":"2016","releaseDate":null,"duration":"238","label":"Pink Floyd Records","primaryArtists":"Pink Floyd","primaryArtistsId":"559789","featuredArtists":"","featuredArtistsId":"","explicitContent":0,"playCount":"647613","language":"english","hasLyrics":"false","url":"https://www.jiosaavn.com/song/another-brick-in-the-wall-pt.-2/GiVaZxJocWI","copyright":"(P) 2016 The copyright in this sound recording is owned by Pink Floyd Music Ltd., marketed and distributed by Sony Music Entertainment","image":[{"quality":"50x50","link":"https://c.saavncdn.com/841/The-Wall-English-1979-20241127234655-50x50.jpg"},{"quality":"150x150","link":"https://c.saavncdn.com/841/The-Wall-English-1979-20241127234655-150x150.jpg"},{"quality":"500x500","link":"https://c.saavncdn.com/841/The-Wall-English-1979-20241127234655-500x500.jpg"}],"downloadUrl":[{"quality":"12kbps","link":"https://aac.saavncdn.com/841/1037f61695f35a0333484cbc1e0ad6ef_12.mp4"},{"quality":"48kbps","link":"https://aac.saavncdn.com/841/1037f61695f35a0333484cbc1e0ad6ef_48.mp4"},{"quality":"96kbps","link":"https://aac.saavncdn.com/841/1037f61695f35a0333484cbc1e0ad6ef_96.mp4"},{"quality":"160kbps","link":"https://aac.saavncdn.com/841/1037f61695f35a0333484cbc1e0ad6ef_160.mp4"},{"quality":"320kbps","link":"https://aac.saavncdn.com/841/1037f61695f35a0333484cbc1e0ad6ef_320.mp4"}]}]}}